insert into colour values
	('#000000'),
	('#0000ff'),
	('#00ff00'),
	('#00ffff'),
	('#8b008b'),
	('#999999'),
	('#ff0000'),
	('#ff6600'),
	('#ffc0cb'),
	('#ffff00'),
	('#ffffff');

insert into station values
	(1,'Estación A','08:00','22:00',true),
	(2,'Estación B','23:00','08:00',true),
	(3,'Estación C','09:00','21:00',true),
	(4,'Estación D','08:30','23:00',true),
	(5,'Estación E','06:00','23:00',true),
	(6,'Estación F','05:00','23:00',true),
	(7,'Estación G','08:00','22:00',true),
	(8,'Estación H','09:00','22:00',true),
	(9,'Estación X','09:00','21:30',true),
	(10,'Estación Y','09:00','21:00',true),
	(11,'Estación Z','08:00','22:00',true);

insert into transport values
	(1,'T1','#ff0000',true),
	(2,'T2','#0000ff',true),
	(3,'T3','#00ffff',true),
	(4,'T4','#ff6600',true),
	(5,'T5','#ffff00',true),
	(6,'T6','#ffffff',true);

insert into route values 
	(1,2, '#ffff00' ,5,6,40,true,40),
	(2,4, '#ffff00' ,6,8,40,true,50),
	(4,5, '#ffff00' ,2,6,40,true,40),
	(1,3, '#0000ff' ,4,12,100,true,20),
	(3,6, '#0000ff' ,3,10,100,true,18),
	(6,7, '#0000ff' ,2,7,100,true,18),
	(4,6, '#ff0000' ,8,40,35,true,60),
	(6,9, '#ff0000' ,9,50,35,true,65),
	(9,10, '#ff0000' ,4,25,35,true,50),
	(10,11, '#ff0000' ,1,15,35,true,23),
	(9,3, '#ff6600' ,1,3,50,true,12),
	(3,4, '#ff6600' ,3,5,50,true,15),
	(4,5, '#ff6600' ,2,4,50,true,13),
	(5,8, '#ff6600' ,3,5,50,true,15),
	(7,5, '#00ffff' ,1,15,25,true,40),
	(5,8, '#00ffff' ,3,30,25,true,58),
	(1,9, '#ffffff' ,2,5,40,true,35),
	(9,10, '#ffffff' ,4,9,40,true,50),
	(10,11, '#ffffff' ,1,5,40,true,28);
	
INSERT INTO maintenance VALUES
	(1,'2021-01-21','2021-03-28',''),
	(2,'2021-01-02','2021-01-16',''),
	(3,'2021-05-22','2021-05-23',''),
	(4,'2021-04-13','2021-04-16',''),
	(5,'2021-06-08','2021-06-12',''),
	(6,'2021-03-14','2021-03-21',''),
	(7,'2021-05-05','2021-05-05',''),
	(8,'2021-01-13','2021-01-15',''),
	(9,'2020-12-08','2020-12-22',''),
	(10,'2021-07-01','2021-07-05',''),
	(11,'2021-06-01','2021-06-02',''),
	(1,'2021-07-23','2021-07-30',''),
	(2,'2021-04-24','2021-04-27',''),
	(3,'2021-06-15','2021-06-15',''),
	(4,'2021-07-23','2021-07-25','');